횡풍(kt),이론계산(m),현실계산(m),실측데이터(m),이론오차(%),현실오차(%),제어효율(%),보정팩터
5,218.59202687012635,2.5,2.5,8643.681074805054,0.0,98.8563169316851,0.011436830683149038
10,434.20945891795185,8.5,8.5,5008.346575505316,0.0,98.04241943020266,0.019575805697973427
15,644.113634270966,15.0,15.0,4194.090895139774,0.0,97.67121836863807,0.023287816313619272
20,845.9928470299471,28.0,28.0,2921.403025106954,0.0,96.69027934476037,0.03309720655239634
25,1038.078709725059,28.0,,,,97.30270934778963,0.026972906522103664
